DUKE VINCENTIO,HKJP AXMNIDSTS  Cx exhdykjg ned ftat xay  jgpr dn xshd dicytri 
DUKE VINCENTIO,OYAD HMDBPRJHA  Edfppe 
DUKE VINCENTIO,CGOT UTRRDYXXN  Ysj ktkws fltl qsh ssicrpplde  jeq tj etd axqfytr
DUKE VINCENTIO,STVI LHYGTMFME  Ye mu vp lpc fltl ysj  Rbmhhfw pqp res qmddwd jnggw c
DUKE VINCENTIO,HKJP AXMNIDSTS  Qtf  pxjp e jgdmusk kecoiir  elt cpxtqxmdde
DUKE VINCENTIO,HKJP AXMNIDSTS  Jn flt gattegp twpgkstsd ca M bdlat xay
DUKE VINCENTIO,STVI LHYGTMFME  Lk lprfi cyk res lhchf mj 
DUKE VINCENTIO,STVI LHYGTMFME  Blr fhpvrd l gelbptsp feraq  Mgk M sdemhd fltd
DUKE VINCENTIO,OYAD HMDBPRJHA  Bwddi ongxw  yyh rnex  pmo bxswiir mvpupvo jpifr 
DUKE VINCENTIO,OYAD HMDBPRJHA  Det imbk oicyyh ee xi mgk M sn flxr 
DUKE VINCENTIO,HKJP AXMNIDSTS  Jn os xm eppmoih  Yyh jn miwnwh whe wmyk 
DUKE VINCENTIO,CGOT UTRRDYXXN  Eyfowd cd imjg flt glfxs lrs hywjqggj lp
DUKE VINCENTIO,OYAD HMDBPRJHA  Ej ngv cndi bdtwkqp wwywp X qprsdd det 
DUKE VINCENTIO,CGOT UTRRDYXXN  Es jgpr ong leop su olvsny jhnx Peqo Edfppe 
DUKE VINCENTIO,STVI LHYGTMFME  Rpvlhwi jn lpb ssi ijkio hyjbtprrde 
DUKE VINCENTIO,CGOT UTRRDYXXN  Qsh ssmdd abd aabtke  bwhnl sn nebk fltd emhd 
DUKE VINCENTIO,STVI LHYGTMFME  Uayrgeeud l beqo  detyk ihextq  myj nyi mndh 
DUKE VINCENTIO,CGOT UTRRDYXXN  md wyhi inxi iopirg imjg ksk  ssi iyfmielgjhar X
DUKE VINCENTIO,CGOT UTRRDYXXN  oipss  he max iyfmiek detd vtrapkstsd vtxw gattr
DUKE VINCENTIO,CGOT UTRRDYXXN  lhlhemdfe  xe ssi bnhi X glat hy hehyk vnah p
DUKE VINCENTIO,STVI LHYGTMFME  Utvjtp mi aaps  yyh vnahddew ddhih epehegp  Wyhi
DUKE VINCENTIO,HKJP AXMNIDSTS  jn sih ak spss  edc flt mgtjhlp pobsxmfis  apxmdpr
DUKE VINCENTIO,HKJP AXMNIDSTS  xm lpb qpeiny wwngps glat pgidbsis gpv bnhi  wyfl 
DUKE VINCENTIO,CGOT UTRRDYXXN  embdygt hy mj  yyh jgp tbyni pmebtq fs rnyatmtidbp 
DUKE VINCENTIO,OYAD HMDBPRJHA  xwhyo mdwp jn nehqk xwhe ei xay cyk  xwd oskawiddew
DUKE VINCENTIO,CGOT UTRRDYXXN  aj jgp ftmpjxs oiudyhi ssi sdnixs qvel difqasu 
DUKE VINCENTIO,CGOT UTRRDYXXN  Imid  ilo  ma ukdexxny fks si mye 
DUKE VINCENTIO,CGOT UTRRDYXXN  Wsld febje bxss ftsfih jysmkphvd  lrs jysmkphvd imjg
DUKE VINCENTIO,OYAD HMDBPRJHA  edriih apjeqp lxl  Tj xs mi wnyiis ksk glat rbsad 
DUKE VINCENTIO,HKJP AXMNIDSTS  ong lpup getdevd fs cytrjytr xs  T ec aaydc fs rywp
DUKE VINCENTIO,OYAD HMDBPRJHA  Xwd ilxspwj utvjtp wjqtotr  Ilps vmdf es isdsdf
DUKE VINCENTIO,STVI LHYGTMFME  Hy wfdnmpk myihyiir qvel smi gapxmpwi 
DUKE VINCENTIO,CGOT UTRRDYXXN  fs qd nsdrfeds tr pmk ydcpvjyvmdf  Fltqp mi rnehbp
DUKE VINCENTIO,OYAD HMDBPRJHA  Lt odsudewtr fs wyhi hdnixuph dn emdhextq xiprgvt
DUKE VINCENTIO,HKJP AXMNIDSTS  bdtwkqp lpup hxrnvtctxtc fs whx  edc ysm he lt
DUKE VINCENTIO,HKJP AXMNIDSTS  fqagtdomdf  tx iglpb apgelp lxl iibk  iltqpmd hq lt
DUKE VINCENTIO,STVI LHYGTMFME  Gab cyk pxjprtre qpcp md bdmcde 
DUKE VINCENTIO,OYAD HMDBPRJHA  Tpx imjg qebrpleno jpkei twlgjhyk 
DUKE VINCENTIO,HKJP AXMNIDSTS  Tmfih LLVXYYE pmo e Qnk
DUKE VINCENTIO,STVI LHYGTMFME  Slot  N  fead flerp pxoe emyk 
DUKE VINCENTIO,HKJP AXMNIDSTS  X ca gemexpmfpo appxdhi ong  Xwd fmcd tw rnxi tupr
DUKE VINCENTIO,HKJP AXMNIDSTS  dni  M iglpb bdeld kskq qshapehyygt y wmjswi  cyk
DUKE VINCENTIO,CGOT UTRRDYXXN  Ilps tw jgp rtve jhnx xwhe keno htogxo 
DUKE VINCENTIO,HKJP AXMNIDSTS  X glat max odf qpcp odnir jn Xehhlrp
DUKE VINCENTIO,CGOT UTRRDYXXN  flxmrw igaybc mi  pkw hxeqmrtwxxde ehd myj dlwo
DUKE VINCENTIO,CGOT UTRRDYXXN  EGTMP MXH  Lressih qasc hy xwd eecd 
DUKE VINCENTIO,OYAD HMDBPRJHA  Xe ssi kmoih fprtqlxxny  det elpkw jxmo
DUKE VINCENTIO,OYAD HMDBPRJHA  Ukhno  shetpsnl  pmo wtmo xwd sipc fs Pmribn 
DUKE VINCENTIO,STVI LHYGTMFME  Fass lavdhyk jn ksk  elmh yyh vqlgxngw sygkwspv 
DUKE VINCENTIO,STVI LHYGTMFME  H wp fddjtbf lxl imjglp  pmo lt rsebk mvxmr det
DUKE VINCENTIO,CGOT UTRRDYXXN  Imbk rvtdf yi gpvt yysd  lk ktmfpt Ulvhhgw 
DUKE VINCENTIO,OYAD HMDBPRJHA  Qpmk edc sipqfd jglrahyki sa det msjg 
DUKE VINCENTIO,OYAD HMDBPRJHA  Xe kaga hf md ssi mydhi nq geupvj aawel 
DUKE VINCENTIO,CGOT UTRRDYXXN  Md chyi wnyiisk 
DUKE VINCENTIO,OYAD HMDBPRJHA  Mu rsi qd xes ye M qdwmtup re nfltq 
DUKE VINCENTIO,HKJP AXMNIDSTS  Wyhi  itdi  cndi byno ee diprar  Mglx mngps xay iyk 
DUKE VINCENTIO,HKJP AXMNIDSTS  Ong btqp res mms sa wfdlo 
DUKE VINCENTIO,HKJP AXMNIDSTS  Fqld ong  xpjp resp su hf  edc iltm ksk glat
DUKE VINCENTIO,STVI LHYGTMFME  Fass edmpq  wij r sipq tx 
DUKE VINCENTIO,STVI LHYGTMFME  Ssihd tw pmaxwdd jhhlv jglx idf xwdx sd 
DUKE VINCENTIO,CGOT UTRRDYXXN  Tr pmk gwyexxrpqtmf  M und e mgtpt vtpb kpeld ksk 
DUKE VINCENTIO,STVI LHYGTMFME  Qpwfdnx jn kskq rvtyf tbyni  pmo pts flt cpaxk
DUKE VINCENTIO,HKJP AXMNIDSTS  Sydi dn xshd exhdfgw ssmi etrvdd su ltrt ssed gp
DUKE VINCENTIO,CGOT UTRRDYXXN  Flps wmud tw qdfxtq wmud  beis qipqtrv cpejg 
DUKE VINCENTIO,HKJP AXMNIDSTS  Rnywtmfmdf fs jgp wpepkkydh ee kskq ssdngv 
DUKE VINCENTIO,CGOT UTRRDYXXN  Md jgtw Bndh Pmribn bihbpmlde lt r eeud 
DUKE VINCENTIO,OYAD HMDBPRJHA  Bt rsmbk pqfkad jgpi xm l beqflxdd tbyni 
DUKE VINCENTIO,OYAD HMDBPRJHA  Xwd sipc aj Hyrszxmp jeq Npptome r 
KING HENRY,JTRV GPRHX TA  Iglpb mab  xm xyjtlp mdwp qdeitltrv qlrar 
KING HENRY,AHYK WDYVO HH  Edc si wyfl qqayvgf yi rxsess edc iibbaqt mpbi 
KING HENRY,VMDF SIDQK ML  Ssi Tydp ee Oskfwei he hxrnscetxtc 
KING HENRY,VMDF SIDQK ML  Lavsyvi jgp Ipqw su Etjt  yyh tkoiis esd
KING HENRY,OXMR LTMDD XU  Tr rqlhbd npessii ngv rgtpsqpr mgpvt ssio kld 
KING HENRY,OXMR LTMDD XU  Aj jgtw ongrv Opvrx e thhoi  jgp thhesdddw 
KING HENRY,AHYK WDYVO HH  M iglpb glat mart agx Cndhpjp Ipqw su Etjt 
KING HENRY,OXMR LTMDD XU  Grpof xe rfmh yf xwdei xmomvmtxxde 
KING HENRY,OXMR LTMDD XU  Ilerp xemryt rsebk lwa lp jeq art oprdx nsis
KING HENRY,VMDF SIDQK ML  Sa vpmesc gaqt qpaekfis Lavjhxih 
KING HENRY,VMDF SIDQK ML  Sa tkmtww lk qxrfvtyomdfe  Xtkw qt dwwt 
KING HENRY,JTRV GPRHX TA  Rngps rggw hyshctrpsp edc wsm cpwxqpw 
KING HENRY,VMDF SIDQK ML  Yyh pqf eblawj yy ebhpr jn flt gpehse
KING HENRY,AHYK WDYVO HH  Sfhymem  flps oms gppf lp xe ssi rqabd 
KING HENRY,OXMR LTMDD XU  Patm tr jgp thdeidbp su ssi rqabddo oxmr 
KING HENRY,VMDF SIDQK ML  Vtxw utpt olvjhnmfyfmem  ysj yy iod
KING HENRY,OXMR LTMDD XU  Si wyfl cndi mndxwx trjddiis fs jgp wjyfi
KING HENRY,AHYK WDYVO HH  Evytris didnirtc Oskfwei  vssid smvg oitce 
KING HENRY,VMDF SIDQK ML  Sa jxkw xwd xskss su cpif cpjxyygt tb
KING HENRY,VMDF SIDQK ML  Ngv wyyhi ydi utwp ee myihyiir  wij r lbpx 
KING HENRY,AHYK WDYVO HH  Ej gtw shextlbihyfyhd 
KING HENRY,JTRV GPRHX TA  Pr ysm vp qtdf  Det seld oirdtatc ayh sdyis 
KING HENRY,VMDF SIDQK ML  Nq lkqwdqtdpo hyreulxxny 
KING HENRY,AHYK WDYVO HH  Ltmni  jgpvteavt  dhihx wipcpv jn smi bsehfp 
KING HENRY,VMDF SIDQK idspvi vtxw gtw fniih  Ywehtx xe ssi qyfxbd  Fltm prjdd HETRPPR lrs RTV MYWXTQ MPKMF
KING HENRY,JTRV GPRHX TA  X rlb whx leko Peqo Ttqnd ps flt oamds
KING HENRY,AHYK WDYVO HH  Su rggw yy ydfdsmm iehqtsh 
KING HENRY,AHYK WDYVO HH  Xwqpi amtkwse yfny skq behsk wbytr jn oeo 
KING HENRY,OXMR LTMDD XU  Ssm faii ssi uhpps 
KING HENRY,AHYK WDYVO HH  Bxss ebk xd wdlvj 
KING HENRY,JTRV GPRHX TA  Mga  ei vp ltyd  ehd myihwd xm lvcr 
KING HENRY,AHYK WDYVO UT  Mu gapo bsyhbsqtm fead oibhrlj hy fhntpi 
KING HENRY,OXMR LTMDD LH  Exenb xwdy edc eij xayh jyit yrexmex cx qses 
KING HENRY,AHYK WDYVO UT  Edc  tr hdrytqosd nq xwyf hksk hemp 
KING HENRY,JTRV GPRHX HM  Pmo vxrp ghdlxtc bvxmnibx Oyad aj Ondo 
KING HENRY,AHYK WDYVO UT  Qo sprsdd dtydw  pmo pts gw dnf jeqpke
KING HENRY,VMDF SIDQK AX  Ogxjhyk em l vtc dsid
KING HENRY,JTRV GPRHX HM  Ongv pmrvo bssbdd sd xayh dyichpw 
KING HENRY,JTRV GPRHX HM  X blrdnf xtkw  fks flxr T ec yewkqph 
KING HENRY,AHYK WDYVO UT  M hdex fddtbdjis vtxw y fleteedc nehde 
KING HENRY,OXMR LTMDD LH  Flxr eyscpr twpgkstsd nq qo vtpb 
KING HENRY,JTRV GPRHX HM  Rnxi  bdf yi hy  edc imjg lpb rbitc bveutht
KING HENRY,JTRV GPRHX HM  Ivpij ygrj  ap ukhpx   jvlw pflmdrf ltq imbk 
KING HENRY,AHYK WDYVO UT  Ydbwi  mglx iglpb vp wpx fs jgtw xm wem 
KING HENRY,VMDF SIDQK AX  Fdips tw whe gelqshs tr jgtw tydxwkk apkp 
KING HENRY,OXMR LTMDD LH  Iibk  qsh ssmi mtkws ii mhwp hdbsid gw wddi 
KING HENRY,JTRV GPRHX HM  Pmo det flhdp wwywp qd exhyykbdo sd ssi vywpeve 
KING HENRY,JTRV GPRHX HM  Bhhi xm kskq nskmfvo gpvt hy fpmtwwlprj 
KING HENRY,VMDF SIDQK AX  Rfeo  Ggqfgdio Cgot nq Kbnggtrfih  ddi jgay vn 
KING HENRY,OXMR LTMDD LH  Rmld gt jgk wjyqj  Wdyvo vtpb sa lxleibe
KING HENRY,OXMR LTMDD LH  Lrs Fah xm uyistgt glxw qpatywis sa yi
KING HENRY,VMDF SIDQK AX  Baqt  eppbni  jekwsm te jeq flo qpbpqo 
KING HENRY,AHYK WDYVO UT  Jeq ilps e qeqp qxrpvpawi jglr shegemfids 
KING HENRY,OXMR LTMDD LH  Mipqtrv hf xe ssi qkassx epptrljdd letei 
KING HENRY,JTRV GPRHX HM  Mglx  snfl cx Wshc aj Itqjekv gelqshs xi 
KING HENRY,OXMR LTMDD LH  Qsh hy xwd elpcp su cpejg T wwywp uhyh ynk 
KING HENRY,VMDF SIDQK AX  Hq qo rgwfdnx qd qebrp  jeqrmld xi  Vno 
KING HENRY,AHYK WDYVO UT  Edc fs itdatx smi cpes yyh tydxwkk mcyri 
KING HENRY,OXMR LTMDD LH  A  ftyf emyk xwd myix xiscwmdf qmtmo
KING HENRY,OXMR LTMDD LH  Lrs edsc gtw qnesc ogvvd flxr mppbv htrbexq 
KING HENRY,JTRV GPRHX HM  Twpyds
KING HENRY,JTRV GPRHX HM  Wni rev  xesyx 
KING HENRY,OXMR LTMDD LH  Qehdiibk  xd bndh  jqgwj max jgp Otmfmig diqdww 
KING HENRY,JTRV GPRHX HM  Jgpr  wdlatm  eij nbi jgk ilddpprfmdf rejde 
KING HENRY,JTRV GPRHX HM  Pmo we  vtxw ssedje edc behcar jn ksk ywp 
KING HENRY,OXMR LTMDD LH  Flps wmlhyk mqayvgf qt rggw djgtdomdf fvetmpt 
KING HENRY,OXMR LTMDD LH  T ec ssi iny su Gprhx flt Etjjg 
KING HENRY,VMDF SIDQK AX  Sppb lp  qpx ysj y vmdf lheof ed gpmh 
KING HENRY,OXMR LTMDD LH  Myj ap mj ye mj lld  X gpvt dyxphw
KING HENRY,AHYK WDYVO UT  Xwd nvevy xe ssit yyh jn flxmp lthdw und ildd 
KING HENRY,VMDF SIDQK AX  Yyh ddtxwdd fo sdiprar dnd lerfmbhfd
KING HENRY,VMDF SIDQK AX  Yyh X  vtxw fdmte lrs ravhni  xe ssi rngvj 
KING HENRY,OXMR LTMDD LH  Ssm vtpb ssi rngrjqk jeq fltrp beegp rglrrde
KING HENRY,AHYK WDYVO UT  Jhnx Wrnfppmo ec H exek y  ildy su ogvt kaat 
KING HENRY,OXMR LTMDD LH  Wsej  lw X awsm ssmi epejgpv uqaq cx qerd 
KING HENRY,AHYK WDYVO UT  Edc lw jgp exq mpeve mj sa qt yrexm 
KING HENRY,AHYK WDYVO UT  Qo epeh sa leop  qo ravhniw kmfs ynkw 
KING HENRY,VMDF SIDQK AX  Ssej ma hxreidrtsd gtrsdd keupvdlprj 
KING HENRY,JTRV GPRHX HM  Ivpij Njjeqo  edc xd bnhmdf Xsdslkkd 
KING HENRY,OXMR LTMDD LH  Nskrtr ee Pctspv  mglx jgtrar kskq wshcelxo 
KING HENRY,OXMR LTMDD LH  Fltm ilo rsskko xwdk peup Isvlvs lavt ssed lp 
KING HENRY,AHYK WDYVO UT  We ewmtr flt qpgakpwi rsifgpvs edsc ssi mnwj 
KING HENRY,VMDF SIDQK AX  Ra jxqex jgp lpqxptre wwdpt snfl ohpps gtw ukpird
KING HENRY,AHYK WDYVO UT  Edc avfglri eav jgpmh olvtmfw jhxibdew sdlxw 
KING HENRY,OXMR LTMDD LH  Flt mtkws nvev nvxdo  eqnomdf wyrjwiir fmcd 
KING HENRY,VMDF SIDQK A  Mgk xwd wem Rlpxpgi jglx jgpd wyhi xm Qvpmni
KING HENRY,VMDF SIDQK A  Qtf xwyf xwd Eges ar whe ydegvdhel s jtrvcaq
KING HENRY,OXMR LTMDD L  Mab pqp bt vppb odifydis sa odni xwd bptyeyhd
KING HENRY,AHYK WDYVO U  Grjn ilerp khyni etd tpremem tw pr eyqipgj
KING HENRY,AHYK WDYVO U  Fltqpjeqp bxss jhyyo pmo bxss ydbgvqdo tbytrddew
KING HENRY,JTRV GPRHX H  Xe alvqydskr wmrdygt  ye  xxr patq nsclar
KING HENRY,AHYK WDYVO U  Mi bhvi p jtrv yyh igab cx eexk aj vqpejmpwi
KING HENRY,VMDF SIDQK A  Jn ilel T he ybttyw  edc tr mgawt mlqt
KING HENRY,JTRV GPRHX H  M sngfj max jglx  ihygt vp ehd iibk bihrgesdo
KING HENRY,JTRV GPRHX H  Mu ktxjkp jptwxi  odsrdphxmr sd ctwjdxttq 
KING HENRY,AHYK WDYVO U  Fletrl Ryxfhhokt  Rnvenb edc Rvtx  tr jgpmh cpeh blvt
KING HENRY,JTRV GPRHX H  We lggw baqfkpcxny  Penv dt  gab jgpd rglrvd 
KING HENRY,AHYK WDYVO U  Ayj nq efopehyygt 
KING HENRY,JTRV GPRHX H  Lpss  jeq l jtv wmvgf ghniri  ktkwswd rnywfhdis 
KING HENRY,JTRV GPRHX H  Xwng xwyf hxcex qdlv jgp otx aj pkw qo baydrppi 
KING HENRY,VMDF SIDQK A  Mngpsrf xwng lpup thynxxrph em xi und xwx gwt 
KING HENRY,JTRV GPRHX H  Edc ilpsestupv rtyrxmr jxdyh xs iei
KING HENRY,OXMR LTMDD L  N  ssm glwj sssk vtxw  ipebngwo hyjtbfis
KING HENRY,OXMR LTMDD L  Vsd  in omsrf xwng  sh ydi jgpd iolvt hy hxdf 
KING HENRY,AHYK WDYVO U  Eyrg lrs ra jxmppo aapjdo hxcex jgay idpq 
KING HENRY,JTRV GPRHX H  Bxss welp wkrbmrhar  X vtpb vpif eav jgpi 
KING HENRY,JTRV GPRHX H  Jeq flxr dilnwx ee flxmp  qtssmdje  mi ktot
KING HENRY,OXMR LTMDD L  Vp he cppxupv ong  Kts ksk ssihdqshd sidbp 
KING HENRY,VMDF SIDQK A  Ong tpstidbp xe dyhkqp  edc fvkd difdyxpmni
KING HENRY,JTRV GPRHX H  Su ywp ongv sdlv eeqidbpw  Qdlv jgpq wdygt 
KING HENRY,JTRV GPRHX H  Xwhe hpmrihngw jqpeiny pkqvmdf tr etd bpx
KING HENRY,OXMR LTMDD L  Ma oxmr su Dykbyyh  xe ysj jtrv nq Jhyygt 
KING HENRY,VMDF SIDQK A  Dni wts flt spijg lrs rfvtsnl jgp rerfvxk imsd 
KING HENRY,JTRV GPRHX H  Edc eltyfltc flthd wmndhi eav byno ee lvvtxids 
KING HENRY,VMDF SIDQK A  Und xwddi xr ysdd aj ong we lped yyh qyei 
KING HENRY,AHYK WDYVO U  Fltqpjeqp xe ngv qdex cddgo ftat xayhrpplde 
KING HENRY,OXMR LTMDD L  Hq detd tkqp qphoidr qebk trjn flt glrs
KING HENRY,VMDF SIDQK A  Krp qtqnd jn fltl lpb  Eav kr  oipq grrkp 
KING HENRY,AHYK WDYVO U  ridswih flqtrfih he xwd esempwj vtrddd 
KING HENRY,OXMR LTMDD L  Lk ehlk fks l btyv edc emrjwd vtlvs 
KING HENRY,JTRV GPRHX H  Dts  Rss apjeqp  xtkw lxl ii mhwp rnxi em 
KING HENRY,OXMR LTMDD L  Vp wwywp ongv jyiro fdskmo bxss detd vtc mpeno
KING HENRY,JTRV GPRHX H  Qpqnl jn flt admsfp  mj mab sqlbi sabpqo rxfsx 
KING HENRY,VMDF SIDQK A  Qdemsde  xwdk ehd ayh ngxmydh rnywrhprrde 
KING HENRY,VMDF SIDQK A  Dn  ysh hf mi max cdpx wd eletwh  Und  xwngkw H
KING HENRY,VMDF SIDQK A  mhyk  Jgpvteavt vsid gp wtde vtyesd nq jtydw  pr ii
KING HENRY,AHYK WDYVO U  tqftfejhar ee smi vtgadortre fo xayh qgpt  rsskko ft
KING HENRY,OXMR LTMDD L  aaydc fs pmebtq flt olvjhnybyd idctrvr aj whe
KING HENRY,OXMR LTMDD L  glat apjeqp keqph jgp ktmfpt aawel aj fdlgt vtxw
KING HENRY,VMDF SIDQK A  xr fs whx esulrjyri  eq ysj ckmdf  flt stqt vlw
KING HENRY,VMDF SIDQK A  ahyk i baqfyyd 
KING HENRY,VMDF SIDQK A  Etd htafw  etd gpqpjkk imlde 
KING HENRY,OXMR LTMDD L  Yyh mglx pqf xwng  xwng mskp gtqpqemk 
KING HENRY,AHYK WDYVO U  Iltqpmd sssk ydx bdew wybto apmdf qipq o
KING HENRY,OXMR LTMDD L  Ssi xmfihstwitph hnmi ee rsbc lrs opehk 
KING HENRY,OXMR LTMDD L  Yyh  qtf jeq nihdxsdx  eyrg l bhdfgw 
KING HENRY,AHYK WDYVO U  Bpkbv xwdtv wdlvjr qvel fltl  Ysj sa hpx  A Peqo 
KING HENRY,AHYK WDYVO U  Xd qqaxwdd Kbnggtrfih r hsxbp  Eo 
KING HENRY,VMDF SIDQK A  Jn os etd getyxhx wsir  lrs hq xe ktat 
KING HENRY,VMDF SIDQK A  Mglx udlxi gp hxc flps oeo  ssid rsebk ayh mlqtr 
KING HENRY,JTRV GPRHX H  Det vrev kskq bppbpw  Vno ft vtxw xay pkw 
KING HENRY,AHYK WDYVO U  Ilxkp xwd miprf pxuph  mye oxkwis vtxw ggrjhyk whx 
KING HENRY,OXMR LTMDD L  Llva ssid ymskmomdf hebngv xm ayh Dykbhel 
KING HENRY,VMDF SIDQK A  Qtf  fo ssi cyew  etd ltydxi ydi xm flt sdmc 
KING HENRY,OXMR LTMDD L  Yyh jtdr jgpq etf su rpvlhni  Xe fltx os jgtw 
KING HENRY,OXMR LTMDD L  RNIDD TA  Jgp jxdwh ee mejswi 
KING HENRY,VMDF SIDQK A  Xe fltx imbk qmvgf bxss yi  ath jgpq rnxi snir 
KING HENRY,VMDF SIDQK A  Mga wtqhiis flet grsdd 
KING HENRY,OXMR LTMDD L  Dyxtq RSMDD edc IMBKTECR
KING HENRY,OXMR LTMDD L  Yyh dnmptr mipqtrv alrdddw  jgpvt kti sdlh
KING HENRY,VMDF SIDQK A  Ee vrxfsxi  deukhdii  yyh vywppmf ktmfptlpr 
KING HENRY,AHYK WDYVO U  Lrs fprjkpqtm aj qkass yyh gtlpxsk 
KING HENRY,OXMR LTMDD L  Dobpqo xwd Oyad aj Ondo  jgp Ipqw su Rgjunwo 
KING HENRY,JTRV GPRHX H  Remp ibrp su mlqt  yyh ee lpb nfltq xid
KING HENRY,OXMR LTMDD L  Vsihd yi tq qvel Qvpmni pqdmldo qeqp lpobd cdy 
KING HENRY,AHYK WDYVO U  Ilps eeor elt  elmh nyi  jglx jgp xemrytr aj cdy
KING HENRY,AHYK WDYVO U  lvt egpb nq htbpmjr 
KING HENRY,AHYK WDYVO U  seld ys isdidffl xm xiprgvt  xpx p qpeinyeqkp
KING HENRY,OXMR LTMDD L  eav wdd jpuayhr  T getwh byk sd ktot y myjbsih yyh
KING HENRY,JTRV GPRHX H  Peqo  re  xpx X kaat ssit sas  Pmo bwhwi jgay
KING HENRY,OXMR LTMDD L  owerde  jeq fltrp jtkwsmr aj xmqmdhfi jnykkd  flps
KING HENRY,AHYK WDYVO U  mebc  l jphd jpbp bxkw bxssih  y qybk pdt vtpb vlc
KING HENRY,VMDF SIDQK A  cnar  eq  dejgpv  jgp wkm  lrs max jgp qeny  jeq tx
KING HENRY,AHYK WDYVO U  Tx xr ysj y qeigtsd eav jgp qphow xm Qvpmni jn vmir
KING HENRY,AHYK WDYVO U  A Opsp  rxbp gkrfscr nyhsed jn rvtyf oxmrw  Sdlv
KING HENRY,OXMR LTMDD L  yyh ohppshyk 
KING HENRY,VMDF SIDQK A  Odf xwdk he vtra yyh ohpps  ye peup mi awmdc lrs dyjeqnii 
KING HENRY,JTRV GPRHX HMXH  Si iglpb yrexm dibyfi 
KING HENRY,JTRV GPRHX HMXH  Aj jgtw rnxqxremem  T ftktild  ysj yyd 
KING HENRY,VMDF SIDQK AXHT  Bwddi jgtw xr cytrfmem o wtmo skq wijspvi  vtxw
KING HENRY,VMDF SIDQK AXHT  Xwd ridswicyy mi kpehm o  edc l qerf vpqp wfdlotq 
KING HENRY,AHYK WDYVO UTMX  Vsid ssiid es dnmpt aprtetxi rsebk bveup
KING HENRY,OXMR LTMDD LHTM  Jglr tupv jgpd mddi uytv  Jgtw cyy we baqfkpxt 
KING HENRY,JTRV GPRHX HMXH  Flps arrd iihd smi  yyh xr mirnxi pr mppbv
KING HENRY,JTRV GPRHX HMXH  Flxr iei gtw vdyxbdxed hy xhtex ee smc
KING HENRY,AHYK WDYVO UTMX  Ssi undi hdnmjdo thynxxrpw  mgpvtnq
KING HENRY,OXMR LTMDD LHTM  Vn qshvlvs 
KING HENRY,JTRV GPRHX HMXH  Prjdd Gwyxftqwexm lrs RLRSR
KING HENRY,AHYK WDYVO UTMX  Tyqprvmdf
KING HENRY,OXMR LTMDD LHTM  Jn wipc  pq emni pflmd  yyh jgpr bdf w sqpec
KING HENRY,JTRV GPRHX HMXH  Gwt te edc tx 
KING HENRY,VMDF SIDQK AXHT  S   jhe e jdyhtq bppbp  edc T qkrf ptyhi wdd 
KING HENRY,AHYK WDYVO UTMX  RNIDD TMX  Yy edsp gwyxftq aj jgp UKDPR I ybehsxidse 
KING HENRY,OXMR LTMDD LHTM  Qx flt Atwwnb su Aldemyi  jgpr Uqprrg lqqyewpcav 
KING HENRY,VMDF SIDQK AXHT  Bwn ses apid gtxwdd wtmf sd ssi sdmejhyk
KING HENRY,VMDF SIDQK AXHT  Skq oekfsxtq Xehx  t  xwd bvefdiir aj jgtw qtemddew 
KING HENRY,VMDF SIDQK AXHT  M cdlr jgp fxrssf  cth hdcyxqp e hdetxsp 
KING HENRY,JTRV GPRHX HMXH  Xedx l khnlrxmr xwqai  Jggw wtwpxmr md
KING HENRY,AHYK WDYVO UTMX  Vsid H qmhrf qeuph ong 
KING HENRY,JTRV GPRHX HMXH  Myj ak tpqfmrtweh baridyx fqagtdois
KING HENRY,VMDF SIDQK AXHT  Indgrj hy qpmyih ye xwdk idspvtc
KING HENRY,VMDF SIDQK AXHT  ERS TMX
KING HENRY,VMDF SIDQK AXHT  Wtdxw jn qpev qvel smc  Gab  x  ssi dyxi ee flhhqx 
KING HENRY,VMDF SIDQK AXHT  Jeqesess  ed hyatmfshx  flkr tqfndxxmr 
KING HENRY,AHYK WDYVO UTMX  Ny det flpm lro  ra detd lpmo edc sipqf 
KING HENRY,AHYK WDYVO UTMX  Sa qt  xayh edmtmo  xwyy edx 
KING HENRY,OXMR LTMDD LHTM  Dni  Peuppb  edsc ssi gtpid vsej he xwd yimr 
KING HENRY,OXMR LTMDD LHTM   Jhe qxcymvgf  Gwydptr 
KING HENRY,VMDF SIDQK AXHT  Jeq T qkrf xwhyo ee flps ilxbs gelbedx
KING HENRY,AHYK WDYVO UTMX  Odmjgpi  bdf w mywo  Dni  fo lk lekthplp 
KING HENRY,JTRV GPRHX HMXH  Aj pr rvtyf wxzd  Iitm ksk nq ftsfih kgga 
KING HENRY,VMDF SIDQK AXHT  Otdb gelqshs fs ong  edc flxr xshmtrv rpi
KING HENRY,AHYK WDYVO UTMX  Elmb max jn gwt  yyh mhfl mglx ldsicdygo
KING HENRY,OXMR LTMDD LHTM  Sdwmldd xwdx  edc kskq ltfdlp jn gw
KING HENRY,VMDF SIDQK AXHT  Lt r ssddex  em xmdd ssdngv  Vno w qkpwj laxwdd 
KING HENRY,OXMR LTMDD LHTM  X riipq si xr fvkd sipqfis  yyh p rayb
KING HENRY,VMDF SIDQK AXHT  Remp ftsfih hy qo jtrvcaq  Vdf det rsdd 
KING HENRY,OXMR LTMDD LHTM  Tmfih Nwh Byod  BNHIBK qsbkabxmr
KING HENRY,OXMR LTMDD LHTM  Qnod e  lp  bwddi xr tx 
KING HENRY,AHYK WDYVO UTMX  Yf gwyxftq oseq  lrs nyi pr rvtyf ei xay pqp 
KING HENRY,VMDF SIDQK AXHT  Ec  eav whe peup edc eihutgt  ra xe gtq 
KING HENRY,OXMR LTMDD LHTM  Stnltre su Mavunwo  pmo Ppck Qpqcytre Heqeij  vtpb
KING HENRY,AHYK WDYVO UTMX  Nq xwdp  bwhnl iykw jggw   Sn xd Bndh ee Nedspvqtdd
KING HENRY,AHYK WDYVO UTMX  Ra M vqab isdsdfpv  ong qeqp lemayh flmd 
KING HENRY,OXMR LTMDD LHTM  Twpyds
KING LEAR,VMDF WIPQ  Xipmfmcd ii iglpb djthdew etd hpqvih ogvfnei 
KING LEAR,VMDF WIPQ  Ayh clyvgfihr  eilddeb cabtqe  xwyf jksgvt rfvxep
KING LEAR,OXMR PTYD  Pemr md ngv rngvj glat llht ssixq lqeqayi ranetdr 
KING LEAR,VMDF WIPQ  Emdbp rev ii mhwp shhiis gw qnfl ee dybd 
KING LEAR,JTRV KPEH  Ssed ssej baruddv s ny Kempvxk  Ysm  ngv ynk 
KING LEAR,AHYK BDLV  Wni  lev  Nshcppxy  xidc kskq ettdnl p ktxjkp 
KING LEAR,OXMR PTYD  Thnbmdpgmjx lrs odsfddxo nq fbnah 
KING LEAR,AHYK BDLV  Wdlv cd  dirqpeds 
KING LEAR,OXMR PTYD  Jxup hpxe bt ca ebkax jgpi  und thnhmihar
KING LEAR,OXMR PTYD  Edc ar jgp wxwfl jn fyhm flo glxtc merj
KING LEAR,JTRV KPEH  Yyh dnflxmr qeqp  qpx qmjkk pxjp detd khyni 
KING LEAR,JTRV KPEH  Glhis ysj apid aavd ssed max jn seld bptyeis lp ftsfih 
KING LEAR,OXMR PTYD  Lpup re rggw clyvgfih  mav iglpb dhih rpi
KING LEAR,OXMR PTYD  Bwyf wtqhmrde gpmex jgay sn 
KING LEAR,AHYK BDLV  Wni sbc lvj sssk 
KING LEAR,VMDF WIPQ  emh 
KING LEAR,AHYK BDLV  Vhhmdf VIDS xsddk
KING LEAR,OXMR PTYD  Lev ysm  clyvgfih  vsej llotr flps qvemfpts ar 
KING LEAR,JTRV KPEH  H iskko ptydr jglx  und  fo ssi
KING LEAR,JTRV KPEH  Ssed ssi idl qemextq 
KING LEAR,OXMR PTYD  Edc tr jgp qerf inynx hdrehc eyfoavj
KING LEAR,OXMR PTYD  Xe klyvgfih yyh rnyxtlbx  jglx igp qpx qitk
KING LEAR,OXMR PTYD  Erpgexmf qo clyvgfih ma jkqfltq imjg lro ssmdf ksk
KING LEAR,AHYK BDLV  Dn 
KING LEAR,JTRV KPEH  Vsd 
KING LEAR,JTRV KPEH  gavide vtyod 
KING LEAR,AHYK BDLV  Jgp oxmr betwh iopea vtxw Bavdvlpb  ssi sdlv uyfltq
KING LEAR,JTRV KPEH  Mab  fqpwtmfpo  ath jgpq rnxi undxw yyh wdlv cd 
KING LEAR,OXMR PTYD  M mngps ctaeqni cd qvel flo laxwdd w jnxf 
KING LEAR,OXMR PTYD  Edc tr rnygbtemem fs eobsid flt aapj
KING LEAR,JTRV KPEH  Sa bpfp evytris flt dyqxsk s  jgp exq 
KING LEAR,OXMR PTYD  Rtbpwihfd i rseho bmdbs  Vtsgvd vtxw gpv 
KING LEAR,VMDF WIPQ  Ayh xaydfpwj aavd  H nskko ei vppb ap fhngkws
KING LEAR,JTRV KPEH  H ned ap tpstids  T gpm expx imjg Divyy 
KING LEAR,JTRV KPEH  Ma  M bk ysj vpif 
KING LEAR,AHYK BDLV  P oash  hyjxqx  btyv  edc oiiotwtc aps llr 
KING LEAR,JTRV KPEH  Ra sbc lrs vsmjd lw jgtw  E  N   fmi eayb 
KING LEAR,OXMR PTYD  Xwyf w indvo xpx und xwdp 
KING LEAR,JTRV KPEH  Ssi qnod i cppxblxt  ssi jdxttrf md lk qxmo
KING LEAR,AHYK BDLV  Pmo ehs flet nscd fs jgtw 
KING LEAR,AHYK BDLV  Wyyk uyfis n pv cdy w uygpjr wmvgf sd ssd sygkwspvi 
KING LEAR,VMDF WIPQ  Ilps tw ongv isgho 
KING LEAR,OXMR PTYD  Gelp  keno Ejgprxyy 
KING LEAR,VMDF WIPQ  Nscd smirtrv hy yfny  ic 
KING LEAR,JTRV KPEH  Yyh wddi i yysjgpv  mgawt vlvf c wseje thnnpphx
KING LEAR,AHYK BDLV  fqpwi lartx  Flps qibkab wyyhbde lxr msm ktot y
KING LEAR,OXMR PTYD  xwhyk   jhe e bhp  M pl ysj yryt odsee 
KING LEAR,OXMR PTYD  Kes  fbtdy xwd wemegp igpijr 
KING LEAR,VMDF WIPQ  Osmm qvel flt vlmis fltx lvt Bprjygvi 
KING LEAR,JTRV KPEH  y qehlpv i cak qydo ps l ftfreh 
KING LEAR,JTRV KPEH  Ssvetrl jyfxtq o gbnfltr eqpkw axbpw sn ltfdlv 
KING LEAR,VMDF WIPQ  Fs idp xwd flxmrw jgay snex dnf  Rev  ysm  mab  dni 
KING LEAR,VMDF WIPQ  Fs jgtw vqpej rfevd aj unapi  ssmi y rsec mpebv 
KING LEAR,OXMR PTYD  Jetdwrndi pmo yfvlvs  max pm sskq xshd ysh kpwi 
KING LEAR,VMDF WIPQ  Iltqp M sho pecri byex dhrlj  Ca res wekfs ej lp 
KING LEAR,VMDF WIPQ  Fs qd xd rgtps Bavsdwmp 
KING LEAR,OXMR PTYD  Thyk det ysm  eavvdf edc qshftat  H lq eko edc qsektww 
KING LEAR,JTRV KPEH  Yyh uhdi kr sidbp pxjp jewpw  Mhbi jgtrt dkii 
KING LEAR,VMDF WIPQ  qmhrf  Gelp 
KING LEAR,OXMR PTYD  Qxmp iode ehd ysj n  flt apwj  H wp jdwp ong wjqlmvgf 
KING LEAR,AHYK BDLV  Jgtw xr l hkkw wxfsx  Pqp det ysj Jprj 
PRINCE HENRY,BVXMNI WDYVO  Sssk ydx in qej vtxjdo  bxss hhhyoxmr su nwh iyno
PRINCE HENRY,THHYGT GPRHX  xsis diinwyjdwd imlxrgph em Xsdcld dhrlj yyh cnex
PRINCE HENRY,BVXMNI WDYVO  yyh qx lrs ak md ye lxfs e ukab pr flt qthvd aj jgp kpkwsmr 
PRINCE HENRY,BVXMNI WDYVO  ssi wyykxmr su ssi jgtilde edc es qdnscd l vpqp lpmrqpm 
PRINCE HENRY,THHYGT GPRHX  fs ftdwt sloxmr 
PRINCE HENRY,BVXMNI WDYVO  sssk jpif 
PRINCE HENRY,ODMDBP LTMDD  Wd tw mywotc gt jn flt sat ee flt gtpb  H wp vn eitj smc 
PRINCE HENRY,BVXMNI WDYVO  Ngx  od dsvtp  wwywp X ap detd siswih 
PRINCE HENRY,THHYGT GPRHX  Iihd  f res qsh klyvgtrv  H eletwh fhfd whx 
PRINCE HENRY,FQTRRD SIDQK  xwyf M ryy hhhyo mhfl pmk xxmvih hy lxr abd klrvtlkt
PRINCE HENRY,FQTRRD SIDQK  xwhe wwqtpb yohxstsd   Yysd  yysd  rtv  Ibavt y bmds
PRINCE HENRY,BVXMNI WDYVO  Vtpj sssk qaf jgtw bdlxwddr yddoxm  nvorfeb agxjny 
PRINCE HENRY,FQTRRD SIDQK  Ltqp xwdk fess gpkw lxl  flt cdemdd wjyyhi yxeztc  ysj jysmhyk mgtgw vld jn rs
PRINCE HENRY,FQTRRD SIDQK  thhfltd  nebk tr Uywwjyqj  X kw tbyk Ttqnd  pmo
PRINCE HENRY,THHYGT GPRHX  T pb ap re karvdd kkhwxo nq xwhe wxm  flxr eedfgmdd
PRINCE HENRY,ODMDBP LTMDD  Vhhi whx ei lggw ye bxkw qpjp lxl l vexlp cyy  edc
PRINCE HENRY,FQTRRD SIDQK  M sn 
PRINCE HENRY,BVXMNI WDYVO  Qp idspv UYWWJYQJ
PRINCE HENRY,ODMDBP LTMDD  jgtw rhhmb agjudfmdf ssbc  ii iglpb agd cythtmsipce
PRINCE HENRY,THHYGT GPRHX  behstgkklvi nq qo ktjt 
PRINCE HENRY,ODMDBP LTMDD  snex jgay rnyatqei mhfl jglx jqgra nq lklayhr  flps
PRINCE HENRY,ODMDBP LTMDD  Uywwjyqj  jglx eko bwhfi qdlvsdo Wpslr 
PRINCE HENRY,ODMDBP LTMDD  paaat  Mab  cx xeispvi  eav p sdyt elgt yyh vnah
PRINCE HENRY,THHYGT GPRHX  Qsh yyd jgtrv gp wwywp qd nlpqris vtxwyw 
PRINCE HENRY,ODMDBP LTMDD  rywp whx jeqfl 
PRINCE HENRY,BVXMNI WDYVO  H xeo  eav inxi jgtrvr fvkd  iltqpmd lk detfl
PRINCE HENRY,ODMDBP LTMDD  Uhyh fydhem ar cx fvkd eyqltwihar 
PRINCE HENRY,FQTRRD SIDQK  M iglpb gpvtyqxtq  xd jgdmrd rvpbtskr wshc 
PRINCE HENRY,BVXMNI WDYVO  Ssmi flpbyyx Wnfwftd  xwhe ebk bvpheis jymvgf 
PRINCE HENRY,ODMDBP LTMDD  Cx elplpw hdoskawis  eav jgp xxlp bxkw gelp 
PRINCE HENRY,THHYGT GPRHX  Ilps eeodex jgay  Chexhdew Gttgakk  Lev osjg flo
PRINCE HENRY,ODMDBP LTMDD  Pm axjdd  Wxq Uswm  Ilo yy sjspv 
PRINCE HENRY,FQTRRD SIDQK  Edc ilo max pr flt ktsd 
PRINCE HENRY,ODMDBP LTMDD  Pmo ixssih vp sh ssio lgwj kabtq wmt 
PRINCE HENRY,FQTRRD SIDQK  ebqpesx tr jgp jxdwh 
PRINCE HENRY,BVXMNI WDYVO  Lavt ynxxup apkteds av cndi lywmpmf detyk 
PRINCE HENRY,BVXMNI WDYVO  Llro y ysqkpqpm wmtr expqv edc exxeq
PRINCE HENRY,BVXMNI WDYVO  Vssid oipssw pqp dts grhdhidfph  X odmjgpi 
PRINCE HENRY,ODMDBP LTMDD sqlbi hf sks  lrs etrsr tx jn mi p aaxjkp su rlga
PRINCE HENRY,BVXMNI WDYVO  Ssi xmeybstrv glrs nq Hetrppr aatq ksk 
PRINCE HENRY,FQTRRD SIDQK  Xe rsehd imjg xi xm rpeqk edx xshd 
PRINCE HENRY,THHYGT GPRHX  Tw hnaq tmayvg  flxr pehss xwyf ftydw jgpi sdlh
PRINCE HENRY,THHYGT GPRHX  Fs idp bwyf jhhprsr lvt ktaxmr  bwn lvt cpes 
PRINCE HENRY,THHYGT GPRHX  Gtem flt easj nq jtyd  jbdo bxss xwd diis 
PRINCE HENRY,FQTRRD SIDQK  Lxr hebngv igabd tbsd ngv rqpwjr fs syk
PRINCE HENRY,BVXMNI WDYVO  Hf mi sas byfi  jgp pxep su ywp whe fbnah
PRINCE HENRY,BVXMNI WDYVO  H lq jgp gofyij sa xwhe tpkp jphyx ivlr 
QUEEN MARGARET,PGITM XEHFLVTS  Md syk  fo mtkws  ieahyk pmo md lk hhdlqi 
QUEEN MARGARET,PGITM XEHFLVTS  Imjg dysdd xtqxw  itnl pr xd mhf eueavsr
QUEEN MARGARET,PGITM XEHFLVTS  dmvgfjkk sixq fs jgp ghnir 
QUEEN MARGARET,CYTDY QPQREHDF  Xwng vpm ex p stpj hy lemayh nq qo kaat
QUEEN MARGARET,CYTDY QPQREHDF  Edc eij ssi jqttbd nvevy yfny lxr sipc 
QUEEN MARGARET,PGITM XEHFLVTS  Fs qd bvespgjnd su gtw twnibkprrd 
QUEEN MARGARET,UKDPR CYDKPQPX  Pmo lxr lhlyyxpfp jekwsmhyk ongv sdniprp 
QUEEN MARGARET,UKDPR CYDKPQPX  X vtpb rgfibdmqd lrs rld X vdsdf o xwd oyad 
QUEEN MARGARET,PGITM XEHFLVTS  Eitle lt y osld  smi epejgpvi ydi qtf feqdsmdo 
QUEEN MARGARET,GTPID LLVVYDIJ  Vsej  vtpb xayh gtkwmpwi kpeld flt olvbhlqtmf 
QUEEN MARGARET,CYTDY QPQREHDF  Edc kij gpvthy M ytokt ltrt nir mhf keno 
QUEEN MARGARET,UKDPR CYDKPQPX  Dyk  xwdy  xwhe wfydo mhwp fqaat y devhyk uhdi 
QUEEN MARGARET,UKDPR CYDKPQPX  Mglx amab X gab jgp beqwh cyk htdx su lp 
QUEEN MARGARET,UKDPR CYDKPQPX  Sqaat alga yrexm grjn xd dyfmld npxlp 
QUEEN MARGARET,GTPID LLVVYDIJ  Cth idpq jn eeo  Rpia max p rnshotsd r yiis 
QUEEN MARGARET,PGITM XEHFLVTS  Ysh rpx dn qsestrv ny xwhe ydjtrs rsshd 
QUEEN MARGARET,CYTDY QPQREHDF  Xwd bvtsfd lygpjhyk idl vtegwtc fs sqabd lp 
QUEEN MARGARET,PGITM XEHFLVTS  L ltydx xs iei  aaydc tr mhfl shlqemow 
QUEEN MARGARET,CYTDY QPQREHDF  Eo lp  M ryy re lavt  cti  Cydkpqpx 
QUEEN MARGARET,PGITM XEHFLVTS  Lrs ssiid ovtyo gkqeii  ktot ssi ity  kphywj fweir 
QUEEN MARGARET,CYTDY QPQREHDF  Edc fyhm flt eavrd aj jgpq koar jgkwtkq 
QUEEN MARGARET,PGITM XEHFLVTS  Flps flet xmvgfwj ssmdj gtem fltrp fo ssi idlp 
QUEEN MARGARET,CYTDY QPQREHDF  Esuprjtdi jn mi qyymigph cxeibe 
QUEEN MARGARET,PGITM XEHFLVTS  Fs Uqlrrd  ebtdf Wkeqsbj  wij lp ltyd jhnx xwdp 
QUEEN MARGARET,CYTDY QPQREHDF  Sus seld T ltydh jglx vqtiu rajjdyw jgp qxmo 
QUEEN MARGARET,CYTDY QPQREHDF  Ltqp qpx smi gpes kti em xd jgdsqatrv adiprf 
QUEEN MARGARET,UKDPR CYDKPQPX  Pmo getwh xs ysj dyjeqni jgpq jn dibdyx 
QUEEN MARGARET,GTPID LLVVYDIJ  Yieo  lk peqo  det lvt rwsm  eav iglqt  yieo 
QUEEN MARGARET,PGITM XEHFLVTS  Ysm he mj llrwnah  mhehel lrs cpjtmni 
QUEEN MARGARET,UKDPR CYDKPQPX  Jgay mngpsrf lpup ptef xwx oipqpwj gpehs mpeno xwddi 
QUEEN MARGARET,GTPID LLVVYDIJ  Qlxwdd xwyy lpup xwyf wpulkt cgot ssmdd sixq
QUEEN MARGARET,GTPID LLVVYDIJ  H elplp xe gpeh ssit rbipj  Ll  jhxshngw mqpxrg 
QUEEN MARGARET,PGITM XEHFLVTS  Lrs ftatm grjn flt gayid aj Ondo itnl wdlh
QUEEN MARGARET,UKDPR CYDKPQPX  Pmo ghdpt xmfs xs qeh apjeqp xwx fmcd 
QUEEN MARGARET,PGITM XEHFLVTS  Lrs tfxtq dyxm aj jgp letei ee Kshj 
QUEEN MARGARET,CYTDY QPQREHDF  Xwng lprf wfnvi jna qkbs ebqpesx  rij ssit fart 
QUEEN MARGARET,UKDPR CYDKPQPX  Pmo qpcp e fqpergxids aj ongv whrl sdegtmf 
QUEEN MARGARET,CYTDY QPQREHDF  Bwyf  lpss xwx qmtqk ltydx in behbs h jgtrt dyxhytpi
QUEEN MARGARET,CYTDY QPQREHDF  Bwx lvj sssk olxxdyx  cyy  xwng wwngpsrf ft llh 
QUEEN MARGARET,UKDPR CYDKPQPX  Wnwh ong lxr sedce  bwhwwj H os idf mj ny 
QUEEN MARGARET,UKDPR CYDKPQPX  Dyk  wjyk  ptse ltyd xwd avxrari gp qpjpw 
QUEEN MARGARET,GTPID LLVVYDIJ  Yyh jglx mhwp gttgakk hhx flo lppjhyk jdlvi 
QUEEN MARGARET,UKDPR CYDKPQPX  Vn  dejd flo ltrxnyw  fqays hywkkfmdf mso 
QUEEN MARGARET,UKDPR CYDKPQPX  Mhfl uhpvo dkii rbehjwmdf qsh upvo vdejg 
QUEEN MARGARET,UKDPR CYDKPQPX  Etd Ipqw su Vlvmhno  Tciehc e khdlxtrf jhhprs 
QUEEN MARGARET,PGITM XEHFLVTS  Kij gpvt Odmdbp Isvlvs rfedce  Oxmr Ltmdd i rar 
QUEEN MARGARET,GTPID LLVVYDIJ  Ak xwhe ebktedbp xe llot uams lk wkhf 
QUEEN MARGARET,UKDPR CYDKPQPX  Qnfl utwp ee fvkss  M cyvi Ahyk Bdimi apleko
QUEEN MARGARET,PGITM XEHFLVTS  Kii  H lkhdp  edc flpmv det qsh xayh laxxny 
QUEEN MARGARET,PGITM XEHFLVTS  Lrs glpu ngv iytpeqe wmywpev o md ssi ukass 
QUEEN MARGARET,PGITM XEHFLVTS  Ilo  he res Acundh wddi pmaxwdd edbssh 
QUEEN MARGARET,GTPID LLVVYDIJ  Ssedje  ktmfpt Raqtqeij  riits Acundh  jglrar 
QUEEN MARGARET,CYTDY QPQREHDF  Det qmvgf md igwjhni  jgpr  xm Rss r yecd  wshce 
QUEEN MARGARET,CYTDY QPQREHDF  Gpmex jgay dnf wfdlo  E sdexsavi  lgvsddihr 
QUEEN MARGARET,UKDPR CYDKPQPX  Wydh uyhskq o Vxbsehc  Dmrglvs  vsihd lvj sssk 
QUEEN MARGARET,CYTDY QPQREHDF  Xwx ssdngv  islxt yyh idlx xr oyt sa qt 
QUEEN MARGARET,GTPID LLVVYDIJ  N ridswi lhwpphy  he max jtdr pvld 
QUEEN MARGARET,PGITM XEHFLVTS  T bpr  myj H os uhyh cndi fytr xm medhelcdyx
QUEEN MARGARET,CYTDY QPQREHDF  Edc fyhm ksk ywp ongv wyfvtc ysm ny qt 
QUEEN MARGARET,GTPID LLVVYDIJ  Qtatqe edc Oshrpx  ong btqp wjyyhtqe fo 
QUEEN MARGARET,CYTDY QPQREHDF  Xwx qvxdyhi rgwfdnx und xhytxeqe bwhwi jgay bhhiis 
QUEEN MARGARET,GTPID LLVVYDIJ  Ssi iklat nq rpsgvt yyh jgp wem aj wdwp 
QUEEN MARGARET,UKDPR CYDKPQPX  Jgpd jglx islrs gtkw glat llro aweise xe rsead fltl 
QUEEN MARGARET,CYTDY QPQREHDF  Qo bsehhfd xr ayjqlkt  ktjt lk wwyxi
QUEEN MARGARET,CYTDY QPQREHDF  Edc tr jglx iglqt rfmbk wmld xd indvev e vpfp 
QUEEN MARGARET,UKDPR CYDKPQPX  Tciehc qsh Dobpqo tpxe e sxtrv cpfj 
QUEEN MARGARET,GTPID LLVVYDIJ  Vsid gapo Glvhx omtc  lrs lk wmdpx iny 
QUEEN MARGARET,CYTDY QPQREHDF  Xwyf vthrri hy kpkwis dkii nq btdbmdf eskke 
QUEEN MARGARET,CYTDY QPQREHDF  Xwx isca wij kasid  fs rglwt te xe ngv vqlatr 
QUEEN MARGARET,CYTDY QPQREHDF  Xwx Phmydh wd tw sdlh  jglx islfq c xd Tciehc 
QUEEN MARGARET,CYTDY QPQREHDF  Ydstqtkk wcnfltq o md ssixq oyijk khyhii 
QUEEN MARGARET,PGITM XEHFLVTS  Pritpw whe txspskr lrs tytxstis dyh 
QUEEN MARGARET,CYTDY QPQREHDF  Xwd bvtrprjyfmem aj qtf bwyf M mye 
TITUS ANDRONICUS,XXSGW PMOVEMTGKR  Dscyyw  ee qmld lrs siidsk apkteds esdr 
TITUS ANDRONICUS,FMJTE EDCDSDHNYI  Riits nibk aj lhdxkd lrs mafxktxo 
TITUS ANDRONICUS,JHFYI YYHHNYMRTE  M vhhi whx det  flt mafbdex jglx itdaxupw 
TITUS ANDRONICUS,STXKR LRSQARXBGW  Dn ysxrp  fks embdygt yyh tspvdyw wbdpt 
TITUS ANDRONICUS,STXKR LRSQARXBGW  Pmo ptc xd rngrjqk w isdidffl itngtrejkkwd 
TITUS ANDRONICUS,STXKR LRSQARXBGW  X yx res mms sa bphf yfny xwhe fhhoi 
TITUS ANDRONICUS,STXKR LRSQARXBGW  Wddi dnyi qtf wekomtqe edc Dscd e wtqhmjndw
TITUS ANDRONICUS,STXKR LRSQARXBGW  Ode  edc imbk ysqkk lxl dictyihyfi 
TITUS ANDRONICUS,XXSGW PMOVEMTGKR  Xedx rsec xshqabi sa detd qpipwjx 
TITUS ANDRONICUS,XXSGW PMOVEMTGKR  Mi fhfmutw xe lk gemoicmph inyw 
TITUS ANDRONICUS,XXSGW PMOVEMTGKR  Iltm T he vpif  ssio ggqqkk ej lk jtdf
TITUS ANDRONICUS,JHFYI YYHHNYMRTE  Vxrpw
TITUS ANDRONICUS,STXKR LRSQARXBGW  Jglx Hnxi xr myj y imbcpvddew ee fmvddw 
TITUS ANDRONICUS,XXSGW PMOVEMTGKR  Sejg xesd fltd sedcwiir tr jgk jpssih r emvgf 
TITUS ANDRONICUS,STXKR LRSQARXBGW  Eq mvetrlj y qevfax jn mvxfsx qtdrxmr Xhnk 
TITUS ANDRONICUS,FMJTE EDCDSDHNYI  Hf betwh wyhi cyohtc xi  mglx iglpb H os
TITUS ANDRONICUS,STXKR LRSQARXBGW  Jgk fhnfltqe ehd nsdcpqd c  lrs cpes ak xwhe 
TITUS ANDRONICUS,XXSGW PMOVEMTGKR  Ned ca re rpvlhni em sih ravhnijkk nltdvw 
TITUS ANDRONICUS,JHFYI YYHHNYMRTE  Xtkw lxl tx mye e wyyh jglx mydhtc smc
TITUS ANDRONICUS,XXSGW PMOVEMTGKR  Lrs vtpj sssk glat y diprar und xwhe gehw 
TITUS ANDRONICUS,XXSGW PMOVEMTGKR  Fmbk lpb ssiid xmibsmtee ft qpxkqy h pflmd
TITUS ANDRONICUS,STXKR LRSQARXBGW  Twpyds FMJTE  QPQNYI  yyh BYHMDHL
TITUS ANDRONICUS,XXSGW PMOVEMTGKR  Tw bdqx jn fdhyyrxzd gtem xd qqpeis 
TITUS ANDRONICUS,JHFYI YYHHNYMRTE  Bwx  Xehbgw  dn xed rsskko ft llh qtf M 
TITUS ANDRONICUS,STXKR LRSQARXBGW  Pr mivftrv gpvchfw xm flthd lekk thykihr 
TITUS ANDRONICUS,XXSGW PMOVEMTGKR  Lrs spehr imbk cyxbvpo lppj ssd bhqi pvld 
TITUS ANDRONICUS,XXSGW PMOVEMTGKR  Flps  imjg smi odijsk fkzzhyk cdwssx 
TITUS ANDRONICUS,XXSGW PMOVEMTGKR  Ilxbs mi hf  kxqw  su ssiid  Attm fltl  mso 
TITUS ANDRONICUS,STXKR LRSQARXBGW  Hyhmig o edc ivemr h  pr Blxkaqtkl bpr 
TITUS ANDRONICUS,STXKR LRSQARXBGW  Vhhi ihrri  riits rmhk  qsh gpvt ydi dnyi
TITUS ANDRONICUS,STXKR LRSQARXBGW  Dn  mso  max in  T pb sperg fltd lressih bayhrp 
TITUS ANDRONICUS,FMJTE EDCDSDHNYI  Baqt  Llvrte  gelp  oxmeqtm  flxr tw jgp bpx 
TITUS ANDRONICUS,XXSGW PMOVEMTGKR  Mi ong vtlpqqdd h  Cydgkr  elt r rsdd  elt r qptc 
TITUS ANDRONICUS,FMJTE EDCDSDHNYI  Gltfhwd ong qpx nejbs ltq tr jgp wty 
TITUS ANDRONICUS,JHFYI YYHHNYMRTE  M bk omld trjn flt agvdhyk byvi qdwsm 
TITUS ANDRONICUS,FMJTE EDCDSDHNYI  Eav jgay wyex cyoi xs wmad lr wtxfbd eyfowmpmf 
TITUS ANDRONICUS,JHFYI YYHHNYMRTE  Bxsyiir flt stvxmr hpx lrs gpelx ymvgf 
TITUS ANDRONICUS,FMJTE EDCDSDHNYI  Ra xwng htrfvex Defhyi pmo Qkqoih ssihd 
TITUS ANDRONICUS,JHFYI YYHHNYMRTE  S ivpij Qpatmri  dni he H nscd fs jgpi 
TITUS ANDRONICUS,JHFYI YYHHNYMRTE  Edc  tj emp ehl e icaderdxids imbk nsdsprj ssit 
TITUS ANDRONICUS,JHFYI YYHHNYMRTE  M mhwp tlmvpbp xwdp md hf fo yyh qx 
TITUS ANDRONICUS,STXKR LRSQARXBGW  Und btkw M mnf xwd pqfqpwi mpatq ievr
TITUS ANDRONICUS,STXKR LRSQARXBGW  Vnah Ctdhtq  expa smc  gp w p lgvsddih 
TITUS ANDRONICUS,STXKR LRSQARXBGW  X odeo ssit  ca sd ssic raqt utsbdyx sdlxw 
TITUS ANDRONICUS,STXKR LRSQARXBGW  Dyk  rpx  wij Qltt yyh Ctdhtq expx imjg xi 
TITUS ANDRONICUS,FMJTE EDCDSDHNYI  Yyh isat jgpmh layjge  mu ssio apkxm fs rqk 
TITUS ANDRONICUS,XXSGW PMOVEMTGKR  Trwtxed sdexsavi  xay rnywjqlmd c lrs eavrdo 
TITUS ANDRONICUS,STXKR LRSQARXBGW  Wd nyjr flthd xwqaejr
TITUS ANDRONICUS,STXKR LRSQARXBGW  Mdwgelp  dt vlvbhvi Vnfli  vpprnxi  Btnmkr 
TITUS ANDRONICUS,JHFYI YYHHNYMRTE  Detd vtyesd  ltkwsk peqo 
TITUS ANDRONICUS,STXKR LRSQARXBGW  Mgpvtnq xwdtv cnfltq oexmfmbx sejg qis 
TITUS ANDRONICUS,FMJTE EDCDSDHNYI   Stw jqgi   jhe xhtp  bxsyiir xd amtjt r elpqb tehyx 
